{
    "best_model_name": "Random Forest Classifier",
    "dataset_statistics": {
        "total_records": 7658,
        "benign_count": 3829,
        "phishing_count": 3829,
        "benign_percentage": 50.0,
        "phishing_percentage": 50.0
    },
    "models": {
        "Random Forest Classifier": {
            "accuracy": 0.850130548302872,
            "precision": 0.8526315789473684,
            "recall": 0.8463949843260188,
            "f1": 0.8495018353434715,
            "roc_auc": 0.9165592284518207
        },
        "Logistic Regression": {
            "accuracy": 0.7117493472584856,
            "precision": 0.7490774907749077,
            "recall": 0.6363636363636364,
            "f1": 0.688135593220339,
            "roc_auc": 0.7978378195605178
        }
    }
}